{"first_file": "DQN_10x10x3__25_10_progres.keras", "first_seed": 16, "first_wins": [0, 0, 0, 0, 0, 0, 0, 0, 0, 0, 0, 0, 0, 0, 0], "awards": [1.45, 2.2e-12, -99.9999999779956, -100.0, -99.99999999999781, -99.99999999999781, -99.99999999999781, -99.99999999999781, -99.99999999999781, -99.99999999999781, -99.99999999999781], "second_file": "non", "second_seed": 14, "second_wins": [1500, 1500, 1500, 1500, 1500, 2, 1499, 1500, 1500, 1500, 1500, 1500, 1500, 1500, 1500], "remis": [0, 0, 0, 0, 0, 0, 1, 0, 0, 0, 0, 0, 0, 0, 0], "time": ["06:55  24-10", "11:04  24-10", "15:14  24-10", "19:23  24-10", "23:34  24-10", "02:50  25-10", "05:38  22-01", "09:35  22-01", "11:50  22-01", "13:45  22-01", "15:42  22-01", "17:41  22-01", "19:44  22-01", "22:07  22-01", "00:38  23-01"], "epok": 21002, "colors": ["r", "g", "b"]}