{
  "first_file": "DQN100_10.28_progres.keras",
  "first_seed": 32,
  "first_wins": [
    0,
    0,
    0,
    0,
    0,
    0,
    1,
    0,
    0,
    0,
    0,
    0,
    0,
    0,
    0,
    1,
    0,
    1,
    1,
    0,
    0,
    0,
    1,
    0,
    1,
    0,
    0,
    0,
    0,
    0,
    0
  ],
  "awards": [
    -100.0,
    -100.0,
    -100.0,
    -100.0,
    -100.0,
    -100.0,
    -99.99999995599299,
    -99.9999999999956,
    -99.9999999779956,
    -99.9999999779952,
    -100.0,
    -99.9999999999954,
    -99.99999999999781,
    -99.99999997799779,
    -91.29999999999922,
    -99.99999999999761,
    -95.7999999999978,
    -99.99999999999781,
    -99.9999999999956,
    -99.99999999999781,
    -99.9999999999956,
    -99.99999999999781,
    -99.9999999999956,
    -99.99999999999301,
    -99.9999999779952,
    -99.99999999999781,
    -99.9999999999934,
    -99.99999995599521,
    -100.0,
    -99.9999999999954,
    -99.99999999999781
  ],
  "second_file": "noni",
  "second_seed": 27,
  "second_wins": [
    2,
    2,
    2,
    2,
    2,
    2,
    1498,
    1500,
    1498,
    1499,
    1498,
    1499,
    1499,
    1498,
    1499,
    1498,
    1497,
    1499,
    1497,
    1499,
    1498,
    1498,
    1498,
    1500,
    1497,
    1500,
    1500,
    1499,
    1499,
    1498,
    1498
  ],
  "remis": [
    0,
    0,
    0,
    0,
    0,
    0,
    1,
    0,
    2,
    1,
    2,
    1,
    1,
    2,
    1,
    1,
    3,
    0,
    2,
    1,
    2,
    2,
    1,
    0,
    2,
    0,
    0,
    1,
    1,
    2,
    2
  ],
  "time": [
    "20:44  28-10",
    "20:44  28-10",
    "20:46  28-10",
    "20:46  28-10",
    "20:46  28-10",
    "20:46  28-10",
    "01:40  29-10",
    "05:01  29-10",
    "09:25  29-10",
    "13:45  29-10",
    "18:10  29-10",
    "22:33  29-10",
    "02:59  30-10",
    "07:34  30-10",
    "12:00  30-10",
    "16:14  30-10",
    "20:45  30-10",
    "01:10  31-10",
    "05:36  31-10",
    "18:49  05-11",
    "23:23  05-11",
    "03:56  06-11",
    "08:25  06-11",
    "12:56  06-11",
    "17:36  06-11",
    "22:03  06-11",
    "06:06  22-01",
    "10:38  22-01",
    "15:18  22-01",
    "19:47  22-01",
    "00:24  23-01"
  ],
  "epok": 37512,
  "colors": [
    "r",
    "g",
    "b"
  ]
}